"product-thumbnail__product-link href","product-thumbnail__image src","product-thumbnail__product-name","product-thumbnail__product-title","product-thumbnail__product-short-title","product-thumbnail__product-price","product-thumbnail__badge_image src","product-thumbnail__product-swatch-images href","product-thumbnail__product-swatch-images src","product-thumbnail__product-swatch-images href 2","product-thumbnail__product-swatch-images src 2","product-thumbnail__product-swatch-images href 3","product-thumbnail__product-swatch-images src 3","product-thumbnail__product-swatch-images href 4","product-thumbnail__product-variant-count"
"https://www.clarksusa.com/c/Orinoco-Strap/p/26147747","https://clarks.scene7.com/is/image/Pangaea2Build/26147747_W_1?fmt=jpg&wid=300","Orinoco Strap","Womens Sandals","White Leather","$95.00","https://s7g10.scene7.com/is/image/Pangaea2Build/AW22NewArrivalsBadgeUS?fmt=jpg&wid=90&hei=90","https://www.clarksusa.com/c/Orinoco-Strap/p/26147746","https://clarks.scene7.com/is/image/Pangaea2Build/26147746_W_1?fmt=jpg&wid=65","https://www.clarksusa.com/c/Orinoco-Strap/p/26173181","https://clarks.scene7.com/is/image/Pangaea2Build/26173181_W_1?fmt=jpg&wid=65","https://www.clarksusa.com/c/Orinoco-Strap/p/26173529","https://clarks.scene7.com/is/image/Pangaea2Build/26173529_W_1?fmt=jpg&wid=65","",""
"https://www.clarksusa.com/c/Orinoco-Strap/p/26147746","https://clarks.scene7.com/is/image/Pangaea2Build/26147746_W_1?fmt=jpg&wid=300","Orinoco Strap","Womens Sandals","Black Leather","$95.00","https://s7g10.scene7.com/is/image/Pangaea2Build/AW22NewArrivalsBadgeUS?fmt=jpg&wid=90&hei=90","https://www.clarksusa.com/c/Orinoco-Strap/p/26147747","https://clarks.scene7.com/is/image/Pangaea2Build/26147747_W_1?fmt=jpg&wid=65","https://www.clarksusa.com/c/Orinoco-Strap/p/26173181","https://clarks.scene7.com/is/image/Pangaea2Build/26173181_W_1?fmt=jpg&wid=65","https://www.clarksusa.com/c/Orinoco-Strap/p/26173529","https://clarks.scene7.com/is/image/Pangaea2Build/26173529_W_1?fmt=jpg&wid=65","",""
"https://www.clarksusa.com/c/Merliah-Karli/p/26158235","https://clarks.scene7.com/is/image/Pangaea2Build/26158235_W_1?fmt=jpg&wid=300","Merliah Karli","Womens Sandals","Tan","$85.00","https://s7g10.scene7.com/is/image/Pangaea2Build/AW22NewArrivalsBadgeUS?fmt=jpg&wid=90&hei=90","https://www.clarksusa.com/c/Merliah-Karli/p/26158226","https://clarks.scene7.com/is/image/Pangaea2Build/26158226_W_1?fmt=jpg&wid=65","https://www.clarksusa.com/c/Merliah-Karli/p/26158236","https://clarks.scene7.com/is/image/Pangaea2Build/26158236_W_1?fmt=jpg&wid=65","https://www.clarksusa.com/c/Merliah-Karli/p/26170011","https://clarks.scene7.com/is/image/Pangaea2Build/26170011_W_1?fmt=jpg&wid=65","",""
"https://www.clarksusa.com/c/Amali-Buckle/p/26170952","https://clarks.scene7.com/is/image/Pangaea2Build/26170952_W_1?fmt=jpg&wid=300","Amali Buckle","Womens Sandals","Silver Metallic","$110.00","https://s7g10.scene7.com/is/image/Pangaea2Build/AW22NewArrivalsBadgeUS?fmt=jpg&wid=90&hei=90","https://www.clarksusa.com/c/Amali-Buckle/p/26165941","https://clarks.scene7.com/is/image/Pangaea2Build/26165941_W_1?fmt=jpg&wid=65","","","","","",""
"https://www.clarksusa.com/c/Brookleigh-Sun/p/26170058","https://clarks.scene7.com/is/image/Pangaea2Build/26170058_W_1?fmt=jpg&wid=300","Brookleigh Sun","Womens Sandals","Grenadine Suede","$110.00","https://s7g10.scene7.com/is/image/Pangaea2Build/AW22NewArrivalsBadgeUS?fmt=jpg&wid=90&hei=90","https://www.clarksusa.com/c/Brookleigh-Sun/p/26165051","https://clarks.scene7.com/is/image/Pangaea2Build/26165051_W_1?fmt=jpg&wid=65","https://www.clarksusa.com/c/Brookleigh-Sun/p/26165057","https://clarks.scene7.com/is/image/Pangaea2Build/26165057_W_1?fmt=jpg&wid=65","https://www.clarksusa.com/c/Brookleigh-Sun/p/26170486","https://clarks.scene7.com/is/image/Pangaea2Build/26170486_W_1?fmt=jpg&wid=65","https://www.clarksusa.com/c/Brookleigh-Sun/p/26170058","+ 1"
"https://www.clarksusa.com/c/Brookleigh-Sun/p/26171857","https://clarks.scene7.com/is/image/Pangaea2Build/26171857_W_1?fmt=jpg&wid=300","Brookleigh Sun","Womens Sandals","Silver Leather","$110.00","https://s7g10.scene7.com/is/image/Pangaea2Build/AW22NewArrivalsBadgeUS?fmt=jpg&wid=90&hei=90","https://www.clarksusa.com/c/Brookleigh-Sun/p/26165051","https://clarks.scene7.com/is/image/Pangaea2Build/26165051_W_1?fmt=jpg&wid=65","https://www.clarksusa.com/c/Brookleigh-Sun/p/26165057","https://clarks.scene7.com/is/image/Pangaea2Build/26165057_W_1?fmt=jpg&wid=65","https://www.clarksusa.com/c/Brookleigh-Sun/p/26170058","https://clarks.scene7.com/is/image/Pangaea2Build/26170058_W_1?fmt=jpg&wid=65","https://www.clarksusa.com/c/Brookleigh-Sun/p/26171857","+ 1"
"https://www.clarksusa.com/c/Nalle-Lace/p/26171018","https://clarks.scene7.com/is/image/Pangaea2Build/26171018_W_1?fmt=jpg&wid=300","Nalle Lace","Womens Shoes","Camel Nubuck","$130.00","https://s7g10.scene7.com/is/image/Pangaea2Build/AW22NewArrivalsBadgeUS?fmt=jpg&wid=90&hei=90","https://www.clarksusa.com/c/Nalle-Lace/p/26159124","https://clarks.scene7.com/is/image/Pangaea2Build/26159124_W_1?fmt=jpg&wid=65","https://www.clarksusa.com/c/Nalle-Lace/p/26163570","https://clarks.scene7.com/is/image/Pangaea2Build/26163570_W_1?fmt=jpg&wid=65","https://www.clarksusa.com/c/Nalle-Lace/p/26165001","https://clarks.scene7.com/is/image/Pangaea2Build/26165001_W_1?fmt=jpg&wid=65","https://www.clarksusa.com/c/Nalle-Lace/p/26171018","+ 4"
"https://www.clarksusa.com/c/Wallabee-Cup/p/26170042","https://clarks.scene7.com/is/image/Pangaea2Build/26170042_W_1?fmt=jpg&wid=300","Wallabee Cup","Womens Originals Icon Shoes","Blue Suede","$160.00","https://s7g10.scene7.com/is/image/Pangaea2Build/AW22NewArrivalsBadgeUS?fmt=jpg&wid=90&hei=90","https://www.clarksusa.com/c/Wallabee-Cup/p/26158152","https://clarks.scene7.com/is/image/Pangaea2Build/26158152_W_1?fmt=jpg&wid=65","https://www.clarksusa.com/c/Wallabee-Cup/p/26158156","https://clarks.scene7.com/is/image/Pangaea2Build/26158156_W_1?fmt=jpg&wid=65","https://www.clarksusa.com/c/Wallabee-Cup/p/26168575","https://clarks.scene7.com/is/image/Pangaea2Build/26168575_W_1?fmt=jpg&wid=65","https://www.clarksusa.com/c/Wallabee-Cup/p/26170042","+ 1"
"https://www.clarksusa.com/c/Ambyr-Joy/p/26170520","https://clarks.scene7.com/is/image/Pangaea2Build/26170520_W_1?fmt=jpg&wid=300","Ambyr Joy","Womens Shoes","Sand Metallic","$95.00","https://s7g10.scene7.com/is/image/Pangaea2Build/AW22NewArrivalsBadgeUS?fmt=jpg&wid=90&hei=90","https://www.clarksusa.com/c/Ambyr-Joy/p/26157764","https://clarks.scene7.com/is/image/Pangaea2Build/26157764_W_1?fmt=jpg&wid=65","https://www.clarksusa.com/c/Ambyr-Joy/p/26167637","https://clarks.scene7.com/is/image/Pangaea2Build/26167637_W_1?fmt=jpg&wid=65","","","",""
"https://www.clarksusa.com/c/Wallabee-Boot/p/26169732","https://clarks.scene7.com/is/image/Pangaea2Build/26169732_W_1?fmt=jpg&wid=300","Wallabee Boot","Mens Originals Boots","Green Suede","$170.00","https://s7g10.scene7.com/is/image/Pangaea2Build/AW22NewArrivalsBadgeUS?fmt=jpg&wid=90&hei=90","https://www.clarksusa.com/c/Wallabee-Boot/p/26155512","https://clarks.scene7.com/is/image/Pangaea2Build/26155512_W_1?fmt=jpg&wid=65","https://www.clarksusa.com/c/Wallabee-Boot/p/26155513","https://clarks.scene7.com/is/image/Pangaea2Build/26155513_W_1?fmt=jpg&wid=65","https://www.clarksusa.com/c/Wallabee-Boot/p/26155516","https://clarks.scene7.com/is/image/Pangaea2Build/26155516_W_1?fmt=jpg&wid=65","https://www.clarksusa.com/c/Wallabee-Boot/p/26169732","+ 13"
"https://www.clarksusa.com/c/Craft-Run-Tor/p/26170036","https://clarks.scene7.com/is/image/Pangaea2Build/26170036_W_1?fmt=jpg&wid=300","Craft Run Tor","Womens Sport Shoes","Off White Int","$140.00","https://s7g10.scene7.com/is/image/Pangaea2Build/AW22NewArrivalsBadgeUS?fmt=jpg&wid=90&hei=90","https://www.clarksusa.com/c/Craft-Run-Tor/p/26167766","https://clarks.scene7.com/is/image/Pangaea2Build/26167766_W_1?fmt=jpg&wid=65","https://www.clarksusa.com/c/Craft-Run-Tor/p/26167767","https://clarks.scene7.com/is/image/Pangaea2Build/26167767_W_1?fmt=jpg&wid=65","https://www.clarksusa.com/c/Craft-Run-Tor/p/26167768","https://clarks.scene7.com/is/image/Pangaea2Build/26167768_W_1?fmt=jpg&wid=65","https://www.clarksusa.com/c/Craft-Run-Tor/p/26170036","+ 1"
"https://www.clarksusa.com/c/Craft-Run-Tor/p/26170459","https://clarks.scene7.com/is/image/Pangaea2Build/26170459_W_1?fmt=jpg&wid=300","Craft Run Tor","Womens Sport Shoes","Off White Multi","$140.00","https://s7g10.scene7.com/is/image/Pangaea2Build/AW22NewArrivalsBadgeUS?fmt=jpg&wid=90&hei=90","https://www.clarksusa.com/c/Craft-Run-Tor/p/26167766","https://clarks.scene7.com/is/image/Pangaea2Build/26167766_W_1?fmt=jpg&wid=65","https://www.clarksusa.com/c/Craft-Run-Tor/p/26167767","https://clarks.scene7.com/is/image/Pangaea2Build/26167767_W_1?fmt=jpg&wid=65","https://www.clarksusa.com/c/Craft-Run-Tor/p/26167768","https://clarks.scene7.com/is/image/Pangaea2Build/26167768_W_1?fmt=jpg&wid=65","https://www.clarksusa.com/c/Craft-Run-Tor/p/26170459","+ 1"
"https://www.clarksusa.com/c/Merliah-Karli/p/26170011","https://clarks.scene7.com/is/image/Pangaea2Build/26170011_W_1?fmt=jpg&wid=300","Merliah Karli","Womens Sandals","Red Leather","$85.00","https://s7g10.scene7.com/is/image/Pangaea2Build/AW22NewArrivalsBadgeUS?fmt=jpg&wid=90&hei=90","https://www.clarksusa.com/c/Merliah-Karli/p/26158226","https://clarks.scene7.com/is/image/Pangaea2Build/26158226_W_1?fmt=jpg&wid=65","https://www.clarksusa.com/c/Merliah-Karli/p/26158235","https://clarks.scene7.com/is/image/Pangaea2Build/26158235_W_1?fmt=jpg&wid=65","https://www.clarksusa.com/c/Merliah-Karli/p/26158236","https://clarks.scene7.com/is/image/Pangaea2Build/26158236_W_1?fmt=jpg&wid=65","",""
"https://www.clarksusa.com/c/Orinoco-Strap/p/26173529","https://clarks.scene7.com/is/image/Pangaea2Build/26173529_W_1?fmt=jpg&wid=300","Orinoco Strap","Womens Sandals","Silver Metallic","$100.00","https://s7g10.scene7.com/is/image/Pangaea2Build/AW22NewArrivalsBadgeUS?fmt=jpg&wid=90&hei=90","https://www.clarksusa.com/c/Orinoco-Strap/p/26147746","https://clarks.scene7.com/is/image/Pangaea2Build/26147746_W_1?fmt=jpg&wid=65","https://www.clarksusa.com/c/Orinoco-Strap/p/26147747","https://clarks.scene7.com/is/image/Pangaea2Build/26147747_W_1?fmt=jpg&wid=65","https://www.clarksusa.com/c/Orinoco-Strap/p/26173181","https://clarks.scene7.com/is/image/Pangaea2Build/26173181_W_1?fmt=jpg&wid=65","",""
"https://www.clarksusa.com/c/ATL-Trek-Path-GORE-TEX/p/26170141","https://clarks.scene7.com/is/image/Pangaea2Build/26170141_W_1?fmt=jpg&wid=300","ATL Trek Path GORE-TEX","Womens Sport Shoes","Light Sand Comb","$160.00","https://s7g10.scene7.com/is/image/Pangaea2Build/AW22NewArrivalsBadgeUS?fmt=jpg&wid=90&hei=90","https://www.clarksusa.com/c/ATL-Trek-Path-GORE-TEX/p/26167416","https://clarks.scene7.com/is/image/Pangaea2Build/26167416_W_1?fmt=jpg&wid=65","https://www.clarksusa.com/c/ATL-Trek-Path-GORE-TEX/p/26167418","https://clarks.scene7.com/is/image/Pangaea2Build/26167418_W_1?fmt=jpg&wid=65","https://www.clarksusa.com/c/ATL-Trek-Path-GORE-TEX/p/26167422","https://clarks.scene7.com/is/image/Pangaea2Build/26167422_W_1?fmt=jpg&wid=65","",""
"https://www.clarksusa.com/c/Un-Loop-Stride/p/26169794","https://clarks.scene7.com/is/image/Pangaea2Build/26169794_W_1?fmt=jpg&wid=300","Un Loop Stride","","Nougat","$120.00","https://s7g10.scene7.com/is/image/Pangaea2Build/AW22NewArrivalsBadgeUS?fmt=jpg&wid=90&hei=90","https://www.clarksusa.com/c/Un-Loop-Stride/p/26168669","https://clarks.scene7.com/is/image/Pangaea2Build/26168669_W_1?fmt=jpg&wid=65","https://www.clarksusa.com/c/Un-Loop-Stride/p/26168672","https://clarks.scene7.com/is/image/Pangaea2Build/26168672_W_1?fmt=jpg&wid=65","https://www.clarksusa.com/c/Un-Loop-Stride/p/26168705","https://clarks.scene7.com/is/image/Pangaea2Build/26168705_W_1?fmt=jpg&wid=65","https://www.clarksusa.com/c/Un-Loop-Stride/p/26169794","+ 2"
"https://www.clarksusa.com/c/Violet-55-Rae/p/26170273","https://clarks.scene7.com/is/image/Pangaea2Build/26170273_W_1?fmt=jpg&wid=300","Violet 55 Rae","Womens Shoes","Camel Leather","$110.00","https://s7g10.scene7.com/is/image/Pangaea2Build/AW22NewArrivalsBadgeUS?fmt=jpg&wid=90&hei=90","https://www.clarksusa.com/c/Violet-55-Rae/p/26167443","https://clarks.scene7.com/is/image/Pangaea2Build/26167443_W_1?fmt=jpg&wid=65","https://www.clarksusa.com/c/Violet-55-Rae/p/26168251","https://clarks.scene7.com/is/image/Pangaea2Build/26168251_W_1?fmt=jpg&wid=65","","","",""
"https://www.clarksusa.com/c/Un-Rio-Zip/p/26170213","https://clarks.scene7.com/is/image/Pangaea2Build/26170213_W_1?fmt=jpg&wid=300","Un Rio Zip","Womens Sport Shoes","Navy Combination","$120.00","https://s7g10.scene7.com/is/image/Pangaea2Build/AW22NewArrivalsBadgeUS?fmt=jpg&wid=90&hei=90","https://www.clarksusa.com/c/Un-Rio-Zip/p/26167372","https://clarks.scene7.com/is/image/Pangaea2Build/26167372_W_1?fmt=jpg&wid=65","https://www.clarksusa.com/c/Un-Rio-Zip/p/26168018","https://clarks.scene7.com/is/image/Pangaea2Build/26168018_W_1?fmt=jpg&wid=65","https://www.clarksusa.com/c/Un-Rio-Zip/p/26168497","https://clarks.scene7.com/is/image/Pangaea2Build/26168497_W_1?fmt=jpg&wid=65","",""
"https://www.clarksusa.com/c/Orianna-Edge/p/26170360","https://clarks.scene7.com/is/image/Pangaea2Build/26170360_W_1?fmt=jpg&wid=300","Orianna Edge","Womens Shoes","Praline Combi","$130.00","https://s7g10.scene7.com/is/image/Pangaea2Build/AW22NewArrivalsBadgeUS?fmt=jpg&wid=90&hei=90","https://www.clarksusa.com/c/Orianna-Edge/p/26167817","https://clarks.scene7.com/is/image/Pangaea2Build/26167817_W_1?fmt=jpg&wid=65","https://www.clarksusa.com/c/Orianna-Edge/p/26170635","https://clarks.scene7.com/is/image/Pangaea2Build/26170635_W_1?fmt=jpg&wid=65","","","",""
"https://www.clarksusa.com/c/Dash-Lite-Jazz/p/26170429","https://clarks.scene7.com/is/image/Pangaea2Build/26170429_W_1?fmt=jpg&wid=300","Dash Lite Jazz","Womens Sport Shoes","Ivory Combi","$110.00","https://s7g10.scene7.com/is/image/Pangaea2Build/AW22NewArrivalsBadgeUS?fmt=jpg&wid=90&hei=90","https://www.clarksusa.com/c/Dash-Lite-Jazz/p/26169049","https://clarks.scene7.com/is/image/Pangaea2Build/26169049_W_1?fmt=jpg&wid=65","https://www.clarksusa.com/c/Dash-Lite-Jazz/p/26169051","https://clarks.scene7.com/is/image/Pangaea2Build/26169051_W_1?fmt=jpg&wid=65","https://www.clarksusa.com/c/Dash-Lite-Jazz/p/26169052","https://clarks.scene7.com/is/image/Pangaea2Build/26169052_W_1?fmt=jpg&wid=65","https://www.clarksusa.com/c/Dash-Lite-Jazz/p/26170429","+ 1"
"https://www.clarksusa.com/c/Dash-Lite-Jazz/p/26170431","https://clarks.scene7.com/is/image/Pangaea2Build/26170431_W_1?fmt=jpg&wid=300","Dash Lite Jazz","Womens Sport Shoes","Lilac Combi","$110.00","https://s7g10.scene7.com/is/image/Pangaea2Build/AW22NewArrivalsBadgeUS?fmt=jpg&wid=90&hei=90","https://www.clarksusa.com/c/Dash-Lite-Jazz/p/26169049","https://clarks.scene7.com/is/image/Pangaea2Build/26169049_W_1?fmt=jpg&wid=65","https://www.clarksusa.com/c/Dash-Lite-Jazz/p/26169051","https://clarks.scene7.com/is/image/Pangaea2Build/26169051_W_1?fmt=jpg&wid=65","https://www.clarksusa.com/c/Dash-Lite-Jazz/p/26169052","https://clarks.scene7.com/is/image/Pangaea2Build/26169052_W_1?fmt=jpg&wid=65","https://www.clarksusa.com/c/Dash-Lite-Jazz/p/26170431","+ 1"
"https://www.clarksusa.com/c/Freva55-Lily/p/26172054","https://clarks.scene7.com/is/image/Pangaea2Build/26172054_W_1?fmt=jpg&wid=300","Freva55 Lily","Womens Shoes","Praline Leather","$110.00","https://s7g10.scene7.com/is/image/Pangaea2Build/AW22NewArrivalsBadgeUS?fmt=jpg&wid=90&hei=90","https://www.clarksusa.com/c/Freva55-Lily/p/26172053","https://clarks.scene7.com/is/image/Pangaea2Build/26172053_W_1?fmt=jpg&wid=65","","","","","",""
"https://www.clarksusa.com/c/Freva85-Court/p/26170970","https://clarks.scene7.com/is/image/Pangaea2Build/26170970_W_1?fmt=jpg&wid=300","Freva85 Court","Womens Shoes","Praline Leather","$110.00","https://s7g10.scene7.com/is/image/Pangaea2Build/AW22NewArrivalsBadgeUS?fmt=jpg&wid=90&hei=90","https://www.clarksusa.com/c/Freva85-Court/p/26170968","https://clarks.scene7.com/is/image/Pangaea2Build/26170968_W_1?fmt=jpg&wid=65","","","","","",""
"https://www.clarksusa.com/c/Freva55-Court/p/26170963","https://clarks.scene7.com/is/image/Pangaea2Build/26170963_W_1?fmt=jpg&wid=300","Freva55 Court","Womens Shoes","Praline Leather","$110.00","https://s7g10.scene7.com/is/image/Pangaea2Build/AW22NewArrivalsBadgeUS?fmt=jpg&wid=90&hei=90","https://www.clarksusa.com/c/Freva55-Court/p/26170964","https://clarks.scene7.com/is/image/Pangaea2Build/26170964_W_1?fmt=jpg&wid=65","https://www.clarksusa.com/c/Freva55-Court/p/26171877","https://clarks.scene7.com/is/image/Pangaea2Build/26171877_W_1?fmt=jpg&wid=65","","","",""
"https://www.clarksusa.com/c/Freva55-Court/p/26170964","https://clarks.scene7.com/is/image/Pangaea2Build/26170964_W_1?fmt=jpg&wid=300","Freva55 Court","Womens Shoes","Black Leather","$110.00","https://s7g10.scene7.com/is/image/Pangaea2Build/AW22NewArrivalsBadgeUS?fmt=jpg&wid=90&hei=90","https://www.clarksusa.com/c/Freva55-Court/p/26170963","https://clarks.scene7.com/is/image/Pangaea2Build/26170963_W_1?fmt=jpg&wid=65","https://www.clarksusa.com/c/Freva55-Court/p/26171877","https://clarks.scene7.com/is/image/Pangaea2Build/26171877_W_1?fmt=jpg&wid=65","","","",""
"https://www.clarksusa.com/c/Wave-Range-AP/p/26171614","https://clarks.scene7.com/is/image/Pangaea2Build/26171614_W_1?fmt=jpg&wid=300","Wave Range AP","Womens Sport Shoes","Praline Combi","$140.00","https://s7g10.scene7.com/is/image/Pangaea2Build/AW22NewArrivalsBadgeUS?fmt=jpg&wid=90&hei=90","https://www.clarksusa.com/c/Wave-Range-AP/p/26168580","https://clarks.scene7.com/is/image/Pangaea2Build/26168580_W_1?fmt=jpg&wid=65","https://www.clarksusa.com/c/Wave-Range-AP/p/26168583","https://clarks.scene7.com/is/image/Pangaea2Build/26168583_W_1?fmt=jpg&wid=65","https://www.clarksusa.com/c/Wave-Range-AP/p/26168602","https://clarks.scene7.com/is/image/Pangaea2Build/26168602_W_1?fmt=jpg&wid=65","https://www.clarksusa.com/c/Wave-Range-AP/p/26171614","+ 1"
"https://www.clarksusa.com/c/Un-Loop-Stride/p/26169795","https://clarks.scene7.com/is/image/Pangaea2Build/26169795_W_1?fmt=jpg&wid=300","Un Loop Stride","","Navy Nubuck","$120.00","https://s7g10.scene7.com/is/image/Pangaea2Build/AW22NewArrivalsBadgeUS?fmt=jpg&wid=90&hei=90","https://www.clarksusa.com/c/Un-Loop-Stride/p/26168669","https://clarks.scene7.com/is/image/Pangaea2Build/26168669_W_1?fmt=jpg&wid=65","https://www.clarksusa.com/c/Un-Loop-Stride/p/26168672","https://clarks.scene7.com/is/image/Pangaea2Build/26168672_W_1?fmt=jpg&wid=65","https://www.clarksusa.com/c/Un-Loop-Stride/p/26168705","https://clarks.scene7.com/is/image/Pangaea2Build/26168705_W_1?fmt=jpg&wid=65","https://www.clarksusa.com/c/Un-Loop-Stride/p/26169795","+ 2"
"https://www.clarksusa.com/c/Un-Loop-Stride/p/26171927","https://clarks.scene7.com/is/image/Pangaea2Build/26171927_W_1?fmt=jpg&wid=300","Un Loop Stride","","Black Nubuck","$120.00","https://s7g10.scene7.com/is/image/Pangaea2Build/AW22NewArrivalsBadgeUS?fmt=jpg&wid=90&hei=90","https://www.clarksusa.com/c/Un-Loop-Stride/p/26168669","https://clarks.scene7.com/is/image/Pangaea2Build/26168669_W_1?fmt=jpg&wid=65","https://www.clarksusa.com/c/Un-Loop-Stride/p/26168672","https://clarks.scene7.com/is/image/Pangaea2Build/26168672_W_1?fmt=jpg&wid=65","https://www.clarksusa.com/c/Un-Loop-Stride/p/26168705","https://clarks.scene7.com/is/image/Pangaea2Build/26168705_W_1?fmt=jpg&wid=65","https://www.clarksusa.com/c/Un-Loop-Stride/p/26171927","+ 2"
"https://www.clarksusa.com/c/Nalle-Violet/p/26171026","https://clarks.scene7.com/is/image/Pangaea2Build/26171026_W_1?fmt=jpg&wid=300","Nalle Violet","Womens Shoes","Olive Nubuck","$120.00","https://s7g10.scene7.com/is/image/Pangaea2Build/AW22NewArrivalsBadgeUS?fmt=jpg&wid=90&hei=90","https://www.clarksusa.com/c/Nalle-Violet/p/26171025","https://clarks.scene7.com/is/image/Pangaea2Build/26171025_W_1?fmt=jpg&wid=65","https://www.clarksusa.com/c/Nalle-Violet/p/26171027","https://clarks.scene7.com/is/image/Pangaea2Build/26171027_W_1?fmt=jpg&wid=65","https://www.clarksusa.com/c/Nalle-Violet/p/26171028","https://clarks.scene7.com/is/image/Pangaea2Build/26171028_W_1?fmt=jpg&wid=65","https://www.clarksusa.com/c/Nalle-Violet/p/26171026","+ 1"
"https://www.clarksusa.com/c/Nalle-Violet/p/26171027","https://clarks.scene7.com/is/image/Pangaea2Build/26171027_W_1?fmt=jpg&wid=300","Nalle Violet","Womens Shoes","Navy Leather","$120.00","https://s7g10.scene7.com/is/image/Pangaea2Build/AW22NewArrivalsBadgeUS?fmt=jpg&wid=90&hei=90","https://www.clarksusa.com/c/Nalle-Violet/p/26171025","https://clarks.scene7.com/is/image/Pangaea2Build/26171025_W_1?fmt=jpg&wid=65","https://www.clarksusa.com/c/Nalle-Violet/p/26171026","https://clarks.scene7.com/is/image/Pangaea2Build/26171026_W_1?fmt=jpg&wid=65","https://www.clarksusa.com/c/Nalle-Violet/p/26171028","https://clarks.scene7.com/is/image/Pangaea2Build/26171028_W_1?fmt=jpg&wid=65","https://www.clarksusa.com/c/Nalle-Violet/p/26171027","+ 1"
"https://www.clarksusa.com/c/Velhill-Etch/p/26170421","https://clarks.scene7.com/is/image/Pangaea2Build/26170421_W_1?fmt=jpg&wid=300","Velhill Etch","Womens Shoes","Light Tan Combi","$120.00","https://s7g10.scene7.com/is/image/Pangaea2Build/AW22NewArrivalsBadgeUS?fmt=jpg&wid=90&hei=90","https://www.clarksusa.com/c/Velhill-Etch/p/26170419","https://clarks.scene7.com/is/image/Pangaea2Build/26170419_W_1?fmt=jpg&wid=65","","","","","",""
"https://www.clarksusa.com/c/Sarafyna-Iris/p/26171040","https://clarks.scene7.com/is/image/Pangaea2Build/26171040_W_1?fmt=jpg&wid=300","Sarafyna Iris","Womens Shoes","Grenadine Leather","$110.00","https://s7g10.scene7.com/is/image/Pangaea2Build/AW22NewArrivalsBadgeUS?fmt=jpg&wid=90&hei=90","https://www.clarksusa.com/c/Sarafyna-Iris/p/26171041","https://clarks.scene7.com/is/image/Pangaea2Build/26171041_W_1?fmt=jpg&wid=65","https://www.clarksusa.com/c/Sarafyna-Iris/p/26171042","https://clarks.scene7.com/is/image/Pangaea2Build/26171042_W_1?fmt=jpg&wid=65","https://www.clarksusa.com/c/Sarafyna-Iris/p/26171043","https://clarks.scene7.com/is/image/Pangaea2Build/26171043_W_1?fmt=jpg&wid=65","",""
"https://www.clarksusa.com/c/Elleri-Rae/p/26171444","https://clarks.scene7.com/is/image/Pangaea2Build/26171444_W_1?fmt=jpg&wid=300","Elleri Rae","Womens Sandals","Black Nubuck","$120.00","https://s7g10.scene7.com/is/image/Pangaea2Build/AW22NewArrivalsBadgeUS?fmt=jpg&wid=90&hei=90","https://www.clarksusa.com/c/Elleri-Rae/p/26171443","https://clarks.scene7.com/is/image/Pangaea2Build/26171443_W_1?fmt=jpg&wid=65","","","","","",""
"https://www.clarksusa.com/c/Elleri-Grace/p/26171533","https://clarks.scene7.com/is/image/Pangaea2Build/26171533_W_1?fmt=jpg&wid=300","Elleri Grace","Womens Sandals","Tan Leather","$120.00","https://s7g10.scene7.com/is/image/Pangaea2Build/AW22NewArrivalsBadgeUS?fmt=jpg&wid=90&hei=90","https://www.clarksusa.com/c/Elleri-Grace/p/26171531","https://clarks.scene7.com/is/image/Pangaea2Build/26171531_W_1?fmt=jpg&wid=65","https://www.clarksusa.com/c/Elleri-Grace/p/26171534","https://clarks.scene7.com/is/image/Pangaea2Build/26171534_W_1?fmt=jpg&wid=65","","","",""
"https://www.clarksusa.com/c/Kimmei-Hi-Strap/p/26171010","https://clarks.scene7.com/is/image/Pangaea2Build/26171010_W_1?fmt=jpg&wid=300","Kimmei Hi Strap","Womens Sandals","Orange Suede","$110.00","https://s7g10.scene7.com/is/image/Pangaea2Build/AW22NewArrivalsBadgeUS?fmt=jpg&wid=90&hei=90","https://www.clarksusa.com/c/Kimmei-Hi-Strap/p/26171011","https://clarks.scene7.com/is/image/Pangaea2Build/26171011_W_1?fmt=jpg&wid=65","https://www.clarksusa.com/c/Kimmei-Hi-Strap/p/26171012","https://clarks.scene7.com/is/image/Pangaea2Build/26171012_W_1?fmt=jpg&wid=65","","","",""
"https://www.clarksusa.com/c/Kitly-Walk/p/26172145","https://clarks.scene7.com/is/image/Pangaea2Build/26172145_W_1?fmt=jpg&wid=300","Kitly Walk","Womens Sandals","Denim","$110.00","https://s7g10.scene7.com/is/image/Pangaea2Build/AW22NewArrivalsBadgeUS?fmt=jpg&wid=90&hei=90","https://www.clarksusa.com/c/Kitly-Walk/p/26172144","https://clarks.scene7.com/is/image/Pangaea2Build/26172144_W_1?fmt=jpg&wid=65","https://www.clarksusa.com/c/Kitly-Walk/p/26172146","https://clarks.scene7.com/is/image/Pangaea2Build/26172146_W_1?fmt=jpg&wid=65","https://www.clarksusa.com/c/Kitly-Walk/p/26172147","https://clarks.scene7.com/is/image/Pangaea2Build/26172147_W_1?fmt=jpg&wid=65","https://www.clarksusa.com/c/Kitly-Walk/p/26172145","+ 1"
"https://www.clarksusa.com/c/Yacht-Cross/p/26172152","https://clarks.scene7.com/is/image/Pangaea2Build/26172152_W_1?fmt=jpg&wid=300","Yacht Cross","Womens Sandals","Black Leather","$100.00","https://s7g10.scene7.com/is/image/Pangaea2Build/AW22NewArrivalsBadgeUS?fmt=jpg&wid=90&hei=90","https://www.clarksusa.com/c/Yacht-Cross/p/26172153","https://clarks.scene7.com/is/image/Pangaea2Build/26172153_W_1?fmt=jpg&wid=65","https://www.clarksusa.com/c/Yacht-Cross/p/26172154","https://clarks.scene7.com/is/image/Pangaea2Build/26172154_W_1?fmt=jpg&wid=65","","","",""
"https://www.clarksusa.com/c/Yacht-Beach/p/26171767","https://clarks.scene7.com/is/image/Pangaea2Build/26171767_W_1?fmt=jpg&wid=300","Yacht Beach","Womens Sandals","Black Leather","$100.00","https://s7g10.scene7.com/is/image/Pangaea2Build/AW22NewArrivalsBadgeUS?fmt=jpg&wid=90&hei=90","https://www.clarksusa.com/c/Yacht-Beach/p/26171770","https://clarks.scene7.com/is/image/Pangaea2Build/26171770_W_1?fmt=jpg&wid=65","https://www.clarksusa.com/c/Yacht-Beach/p/26171771","https://clarks.scene7.com/is/image/Pangaea2Build/26171771_W_1?fmt=jpg&wid=65","","","",""
"https://www.clarksusa.com/c/Angie-Maye/p/26170515","https://clarks.scene7.com/is/image/Pangaea2Build/26170515_W_1?fmt=jpg&wid=300","Angie Maye","Womens Shoes","Dark Tan Leather","$95.00","https://s7g10.scene7.com/is/image/Pangaea2Build/20offSelectStylesBadge100x100px?fmt=jpg&wid=90&hei=90","https://www.clarksusa.com/c/Angie-Maye/p/26170514","https://clarks.scene7.com/is/image/Pangaea2Build/26170514_W_1?fmt=jpg&wid=65","","","","","",""
"https://www.clarksusa.com/c/Kataleyna-Rae/p/26171230","https://clarks.scene7.com/is/image/Pangaea2Build/26171230_W_1?fmt=jpg&wid=300","Kataleyna Rae","Womens Shoes","Praline Patent","$95.00","https://s7g10.scene7.com/is/image/Pangaea2Build/AW22NewArrivalsBadgeUS?fmt=jpg&wid=90&hei=90","https://www.clarksusa.com/c/Kataleyna-Rae/p/26171228","https://clarks.scene7.com/is/image/Pangaea2Build/26171228_W_1?fmt=jpg&wid=65","","","","","",""
"https://www.clarksusa.com/c/Orianna-Roam/p/26171031","https://clarks.scene7.com/is/image/Pangaea2Build/26171031_W_1?fmt=jpg&wid=300","Orianna Roam","Womens Sandals","Black Leather","$120.00","https://s7g10.scene7.com/is/image/Pangaea2Build/AW22NewArrivalsBadgeUS?fmt=jpg&wid=90&hei=90","https://www.clarksusa.com/c/Orianna-Roam/p/26171032","https://clarks.scene7.com/is/image/Pangaea2Build/26171032_W_1?fmt=jpg&wid=65","","","","","",""
"https://www.clarksusa.com/c/Barleigh-Weave/p/26170489","https://clarks.scene7.com/is/image/Pangaea2Build/26170489_W_1?fmt=jpg&wid=300","Barleigh Weave","Womens Shoes","Light Sand Comb","$110.00","https://s7g10.scene7.com/is/image/Pangaea2Build/AW22NewArrivalsBadgeUS?fmt=jpg&wid=90&hei=90","https://www.clarksusa.com/c/Barleigh-Weave/p/26170487","https://clarks.scene7.com/is/image/Pangaea2Build/26170487_W_1?fmt=jpg&wid=65","","","","","",""
"https://www.clarksusa.com/c/Orianna-Over/p/26171507","https://clarks.scene7.com/is/image/Pangaea2Build/26171507_W_1?fmt=jpg&wid=300","Orianna Over","Womens Sandals","Dark Sand","$120.00","https://s7g10.scene7.com/is/image/Pangaea2Build/AW22NewArrivalsBadgeUS?fmt=jpg&wid=90&hei=90","https://www.clarksusa.com/c/Orianna-Over/p/26171506","https://clarks.scene7.com/is/image/Pangaea2Build/26171506_W_1?fmt=jpg&wid=65","","","","","",""
"https://www.clarksusa.com/c/Kataleyna-Step/p/26171908","https://clarks.scene7.com/is/image/Pangaea2Build/26171908_W_1?fmt=jpg&wid=300","Kataleyna Step","Womens Shoes","Black Leather","$95.00","https://s7g10.scene7.com/is/image/Pangaea2Build/AW22NewArrivalsBadgeUS?fmt=jpg&wid=90&hei=90","https://www.clarksusa.com/c/Kataleyna-Step/p/26171909","https://clarks.scene7.com/is/image/Pangaea2Build/26171909_W_1?fmt=jpg&wid=65","","","","","",""
"https://www.clarksusa.com/c/Cora-Iris/p/26170464","https://clarks.scene7.com/is/image/Pangaea2Build/26170464_W_1?fmt=jpg&wid=300","Cora Iris","Womens Shoes","Pewter Metallic","$85.00","https://s7g10.scene7.com/is/image/Pangaea2Build/AW22NewArrivalsBadgeUS?fmt=jpg&wid=90&hei=90","https://www.clarksusa.com/c/Cora-Iris/p/26170463","https://clarks.scene7.com/is/image/Pangaea2Build/26170463_W_1?fmt=jpg&wid=65","https://www.clarksusa.com/c/Cora-Iris/p/26170465","https://clarks.scene7.com/is/image/Pangaea2Build/26170465_W_1?fmt=jpg&wid=65","https://www.clarksusa.com/c/Cora-Iris/p/26171165","https://clarks.scene7.com/is/image/Pangaea2Build/26171165_W_1?fmt=jpg&wid=65","",""
"https://www.clarksusa.com/c/Desirae-Lily/p/26171913","https://clarks.scene7.com/is/image/Pangaea2Build/26171913_W_1?fmt=jpg&wid=300","Desirae Lily","Womens Sandals","Black/Tan","$95.00","https://s7g10.scene7.com/is/image/Pangaea2Build/AW22NewArrivalsBadgeUS?fmt=jpg&wid=90&hei=90","https://www.clarksusa.com/c/Desirae-Lily/p/26171173","https://clarks.scene7.com/is/image/Pangaea2Build/26171173_W_1?fmt=jpg&wid=65","https://www.clarksusa.com/c/Desirae-Lily/p/26171174","https://clarks.scene7.com/is/image/Pangaea2Build/26171174_W_1?fmt=jpg&wid=65","","","",""
"https://www.clarksusa.com/c/Torhill-Bee/p/26172084","https://clarks.scene7.com/is/image/Pangaea2Build/26172084_W_1?fmt=jpg&wid=300","Torhill Bee","Womens Shoes","Light Tan Nubuck","$120.00","https://s7g10.scene7.com/is/image/Pangaea2Build/AW22NewArrivalsBadgeUS?fmt=jpg&wid=90&hei=90","https://www.clarksusa.com/c/Torhill-Bee/p/26172085","https://clarks.scene7.com/is/image/Pangaea2Build/26172085_W_1?fmt=jpg&wid=65","","","","","",""
"https://www.clarksusa.com/c/ATL-Trek-Sport/p/26171856","https://clarks.scene7.com/is/image/Pangaea2Build/26171856_W_1?fmt=jpg&wid=300","ATL Trek Sport","Womens Sport Sandals","Aqua","$110.00","https://s7g10.scene7.com/is/image/Pangaea2Build/AW22NewArrivalsBadgeUS?fmt=jpg&wid=90&hei=90","https://www.clarksusa.com/c/ATL-Trek-Sport/p/26170578","https://clarks.scene7.com/is/image/Pangaea2Build/26170578_W_1?fmt=jpg&wid=65","","","","","",""
"https://www.clarksusa.com/c/Barleigh-Weave/p/26170487","https://clarks.scene7.com/is/image/Pangaea2Build/26170487_W_1?fmt=jpg&wid=300","Barleigh Weave","Womens Shoes","Ivory Combi","$110.00","https://s7g10.scene7.com/is/image/Pangaea2Build/AW22NewArrivalsBadgeUS?fmt=jpg&wid=90&hei=90","https://www.clarksusa.com/c/Barleigh-Weave/p/26170489","https://clarks.scene7.com/is/image/Pangaea2Build/26170489_W_1?fmt=jpg&wid=65","","","","","",""
"https://www.clarksusa.com/c/Desirae-Lily/p/26171173","https://clarks.scene7.com/is/image/Pangaea2Build/26171173_W_1?fmt=jpg&wid=300","Desirae Lily","Womens Sandals","Light Tan Leather","$95.00","https://s7g10.scene7.com/is/image/Pangaea2Build/AW22NewArrivalsBadgeUS?fmt=jpg&wid=90&hei=90","https://www.clarksusa.com/c/Desirae-Lily/p/26171174","https://clarks.scene7.com/is/image/Pangaea2Build/26171174_W_1?fmt=jpg&wid=65","https://www.clarksusa.com/c/Desirae-Lily/p/26171913","https://clarks.scene7.com/is/image/Pangaea2Build/26171913_W_1?fmt=jpg&wid=65","","","",""
"https://www.clarksusa.com/c/Cora-Iris/p/26170463","https://clarks.scene7.com/is/image/Pangaea2Build/26170463_W_1?fmt=jpg&wid=300","Cora Iris","Womens Shoes","Black Leather","$85.00","https://s7g10.scene7.com/is/image/Pangaea2Build/AW22NewArrivalsBadgeUS?fmt=jpg&wid=90&hei=90","https://www.clarksusa.com/c/Cora-Iris/p/26170464","https://clarks.scene7.com/is/image/Pangaea2Build/26170464_W_1?fmt=jpg&wid=65","https://www.clarksusa.com/c/Cora-Iris/p/26170465","https://clarks.scene7.com/is/image/Pangaea2Build/26170465_W_1?fmt=jpg&wid=65","https://www.clarksusa.com/c/Cora-Iris/p/26171165","https://clarks.scene7.com/is/image/Pangaea2Build/26171165_W_1?fmt=jpg&wid=65","",""
"https://www.clarksusa.com/c/Orianna-Roam/p/26171032","https://clarks.scene7.com/is/image/Pangaea2Build/26171032_W_1?fmt=jpg&wid=300","Orianna Roam","Womens Sandals","Dark Sand","$120.00","https://s7g10.scene7.com/is/image/Pangaea2Build/AW22NewArrivalsBadgeUS?fmt=jpg&wid=90&hei=90","https://www.clarksusa.com/c/Orianna-Roam/p/26171031","https://clarks.scene7.com/is/image/Pangaea2Build/26171031_W_1?fmt=jpg&wid=65","","","","","",""
"https://www.clarksusa.com/c/Kataleyna-Step/p/26171909","https://clarks.scene7.com/is/image/Pangaea2Build/26171909_W_1?fmt=jpg&wid=300","Kataleyna Step","Womens Shoes","Beige","$95.00","https://s7g10.scene7.com/is/image/Pangaea2Build/AW22NewArrivalsBadgeUS?fmt=jpg&wid=90&hei=90","https://www.clarksusa.com/c/Kataleyna-Step/p/26171908","https://clarks.scene7.com/is/image/Pangaea2Build/26171908_W_1?fmt=jpg&wid=65","","","","","",""
"https://www.clarksusa.com/c/Torhill-Hi/p/26173661","https://clarks.scene7.com/is/image/Pangaea2Build/26173661_W_1?fmt=jpg&wid=300","Torhill Hi","Mens Boots","Red Suede","$130.00","https://s7g10.scene7.com/is/image/Pangaea2Build/AW22UnisexSizingBadge?fmt=jpg&wid=90&hei=90","https://www.clarksusa.com/c/Torhill-Hi/p/26173662","https://clarks.scene7.com/is/image/Pangaea2Build/26173662_W_1?fmt=jpg&wid=65","https://www.clarksusa.com/c/Torhill-Hi/p/26173663","https://clarks.scene7.com/is/image/Pangaea2Build/26173663_W_1?fmt=jpg&wid=65","https://www.clarksusa.com/c/Torhill-Hi/p/26173664","https://clarks.scene7.com/is/image/Pangaea2Build/26173664_W_1?fmt=jpg&wid=65","",""
"https://www.clarksusa.com/c/Torhill-Bee/p/26172085","https://clarks.scene7.com/is/image/Pangaea2Build/26172085_W_1?fmt=jpg&wid=300","Torhill Bee","Womens Shoes","Off White Leather","$120.00","https://s7g10.scene7.com/is/image/Pangaea2Build/AW22NewArrivalsBadgeUS?fmt=jpg&wid=90&hei=90","https://www.clarksusa.com/c/Torhill-Bee/p/26172084","https://clarks.scene7.com/is/image/Pangaea2Build/26172084_W_1?fmt=jpg&wid=65","","","","","",""
"https://www.clarksusa.com/c/Dash-Lite-Wish/p/26171949","https://clarks.scene7.com/is/image/Pangaea2Build/26171949_W_1?fmt=jpg&wid=300","Dash Lite Wish","Womens Sport Sandals","Off White Combi","$100.00","https://s7g10.scene7.com/is/image/Pangaea2Build/AW22NewArrivalsBadgeUS?fmt=jpg&wid=90&hei=90","https://www.clarksusa.com/c/Dash-Lite-Wish/p/26171948","https://clarks.scene7.com/is/image/Pangaea2Build/26171948_W_1?fmt=jpg&wid=65","https://www.clarksusa.com/c/Dash-Lite-Wish/p/26171950","https://clarks.scene7.com/is/image/Pangaea2Build/26171950_W_1?fmt=jpg&wid=65","","","",""
"https://www.clarksusa.com/c/ATL-Trek-Strap/p/26170580","https://clarks.scene7.com/is/image/Pangaea2Build/26170580_W_1?fmt=jpg&wid=300","ATL Trek Strap","Womens Sport Shoes","Light Grey Combination","$130.00","https://s7g10.scene7.com/is/image/Pangaea2Build/AW22NewArrivalsBadgeUS?fmt=jpg&wid=90&hei=90","https://www.clarksusa.com/c/ATL-Trek-Strap/p/26170579","https://clarks.scene7.com/is/image/Pangaea2Build/26170579_W_1?fmt=jpg&wid=65","","","","","",""
"https://www.clarksusa.com/c/Dash-Lite-Cross/p/26170426","https://clarks.scene7.com/is/image/Pangaea2Build/26170426_W_1?fmt=jpg&wid=300","Dash Lite Cross","Womens Sport Sandals","Peach Combination","$90.00","https://s7g10.scene7.com/is/image/Pangaea2Build/AW22NewArrivalsBadgeUS?fmt=jpg&wid=90&hei=90","https://www.clarksusa.com/c/Dash-Lite-Cross/p/26170425","https://clarks.scene7.com/is/image/Pangaea2Build/26170425_W_1?fmt=jpg&wid=65","","","","","",""
"https://www.clarksusa.com/c/Orinoco-Band/p/26173526","https://clarks.scene7.com/is/image/Pangaea2Build/26173526_W_1?fmt=jpg&wid=300","Orinoco Band","Womens Sandals","Black Leather","$100.00","https://s7g10.scene7.com/is/image/Pangaea2Build/AW22NewArrivalsBadgeUS?fmt=jpg&wid=90&hei=90","","","","","","","",""
"https://www.clarksusa.com/c/Fiana-Braley/p/26171202","https://clarks.scene7.com/is/image/Pangaea2Build/26171202_W_1?fmt=jpg&wid=300","Fiana Braley","Womens Sport Shoes","Black Leather","$85.00","https://s7g10.scene7.com/is/image/Pangaea2Build/AW22NewArrivalsBadgeUS?fmt=jpg&wid=90&hei=90","https://www.clarksusa.com/c/Fiana-Braley/p/26171205","https://clarks.scene7.com/is/image/Pangaea2Build/26171205_W_1?fmt=jpg&wid=65","","","","","",""
"https://www.clarksusa.com/c/Talene-Pace/p/26171331","https://clarks.scene7.com/is/image/Pangaea2Build/26171331_W_1?fmt=jpg&wid=300","Talene Pace","Womens Shoes","Black Leather","$95.00","https://s7g10.scene7.com/is/image/Pangaea2Build/20offSelectStylesBadge100x100px?fmt=jpg&wid=90&hei=90","https://www.clarksusa.com/c/Talene-Pace/p/26171332","https://clarks.scene7.com/is/image/Pangaea2Build/26171332_W_1?fmt=jpg&wid=65","","","","","",""
"https://www.clarksusa.com/c/Seren30-Buckle/p/26172058","https://clarks.scene7.com/is/image/Pangaea2Build/26172058_W_1?fmt=jpg&wid=300","Seren30 Buckle","Womens Shoes","Black Leather","$110.00","https://s7g10.scene7.com/is/image/Pangaea2Build/AW22NewArrivalsBadgeUS?fmt=jpg&wid=90&hei=90","","","","","","","",""
"https://www.clarksusa.com/c/Dash-Lite-Strap/p/26170437","https://clarks.scene7.com/is/image/Pangaea2Build/26170437_W_1?fmt=jpg&wid=300","Dash Lite Strap","Womens Sport Shoes","Light Grey Combination","$110.00","https://s7g10.scene7.com/is/image/Pangaea2Build/AW22NewArrivalsBadgeUS?fmt=jpg&wid=90&hei=90","https://www.clarksusa.com/c/Dash-Lite-Strap/p/26170436","https://clarks.scene7.com/is/image/Pangaea2Build/26170436_W_1?fmt=jpg&wid=65","","","","","",""
"https://www.clarksusa.com/c/Craft-Match-Lo/p/26170391","https://clarks.scene7.com/is/image/Pangaea2Build/26170391_W_1?fmt=jpg&wid=300","Craft Match Lo","Womens Sport Shoes","Off White Int","$140.00","https://s7g10.scene7.com/is/image/Pangaea2Build/AW22NewArrivalsBadgeUS?fmt=jpg&wid=90&hei=90","https://www.clarksusa.com/c/Craft-Match-Lo/p/26170387","https://clarks.scene7.com/is/image/Pangaea2Build/26170387_W_1?fmt=jpg&wid=65","https://www.clarksusa.com/c/Craft-Match-Lo/p/26170388","https://clarks.scene7.com/is/image/Pangaea2Build/26170388_W_1?fmt=jpg&wid=65","","","",""
"https://www.clarksusa.com/c/ATL-Trek-Knit-Waterproof/p/26170573","https://clarks.scene7.com/is/image/Pangaea2Build/26170573_W_1?fmt=jpg&wid=300","ATL Trek Knit Waterproof","Womens Sport Shoes","Off White Text","$140.00","https://s7g10.scene7.com/is/image/Pangaea2Build/AW22NewArrivalsBadgeUS?fmt=jpg&wid=90&hei=90","https://www.clarksusa.com/c/ATL-Trek-Knit-Waterproof/p/26170570","https://clarks.scene7.com/is/image/Pangaea2Build/26170570_W_1?fmt=jpg&wid=65","https://www.clarksusa.com/c/ATL-Trek-Knit-Waterproof/p/26172716","https://clarks.scene7.com/is/image/Pangaea2Build/26172716_W_1?fmt=jpg&wid=65","","","",""
"https://www.clarksusa.com/c/Rena-Jazz/p/26170592","https://clarks.scene7.com/is/image/Pangaea2Build/26170592_W_1?fmt=jpg&wid=300","Rena Jazz","Womens Shoes","Black Leather","$100.00","https://s7g10.scene7.com/is/image/Pangaea2Build/AW22NewArrivalsBadgeUS?fmt=jpg&wid=90&hei=90","https://www.clarksusa.com/c/Rena-Jazz/p/26170593","https://clarks.scene7.com/is/image/Pangaea2Build/26170593_W_1?fmt=jpg&wid=65","https://www.clarksusa.com/c/Rena-Jazz/p/26170594","https://clarks.scene7.com/is/image/Pangaea2Build/26170594_W_1?fmt=jpg&wid=65","","","",""
"https://www.clarksusa.com/c/LAURIEANN-EASE/p/26172238","https://clarks.scene7.com/is/image/Pangaea2Build/26172238_W_1?fmt=jpg&wid=300","LAURIEANN EASE","Womens Shoes","Black Leather","$85.00","https://s7g10.scene7.com/is/image/Pangaea2Build/AW22NewArrivalsBadgeUS?fmt=jpg&wid=90&hei=90","https://www.clarksusa.com/c/LAURIEANN-EASE/p/26172239","https://clarks.scene7.com/is/image/Pangaea2Build/26172239_W_1?fmt=jpg&wid=65","","","","","",""
"https://www.clarksusa.com/c/Sarafyna-Sky/p/26171046","https://clarks.scene7.com/is/image/Pangaea2Build/26171046_W_1?fmt=jpg&wid=300","Sarafyna Sky","Womens Shoes","Black Leather","$110.00","https://s7g10.scene7.com/is/image/Pangaea2Build/AW22NewArrivalsBadgeUS?fmt=jpg&wid=90&hei=90","https://www.clarksusa.com/c/Sarafyna-Sky/p/26171045","https://clarks.scene7.com/is/image/Pangaea2Build/26171045_W_1?fmt=jpg&wid=65","https://www.clarksusa.com/c/Sarafyna-Sky/p/26171047","https://clarks.scene7.com/is/image/Pangaea2Build/26171047_W_1?fmt=jpg&wid=65","","","",""
"https://www.clarksusa.com/c/Rena-Hop/p/26170587","https://clarks.scene7.com/is/image/Pangaea2Build/26170587_W_1?fmt=jpg&wid=300","Rena Hop","Womens Shoes","Black Leather","$100.00","https://s7g10.scene7.com/is/image/Pangaea2Build/AW22NewArrivalsBadgeUS?fmt=jpg&wid=90&hei=90","https://www.clarksusa.com/c/Rena-Hop/p/26170589","https://clarks.scene7.com/is/image/Pangaea2Build/26170589_W_1?fmt=jpg&wid=65","https://www.clarksusa.com/c/Rena-Hop/p/26170590","https://clarks.scene7.com/is/image/Pangaea2Build/26170590_W_1?fmt=jpg&wid=65","https://www.clarksusa.com/c/Rena-Hop/p/26170953","https://clarks.scene7.com/is/image/Pangaea2Build/26170953_W_1?fmt=jpg&wid=65","",""
"https://www.clarksusa.com/c/Elleri-Rae/p/26171443","https://clarks.scene7.com/is/image/Pangaea2Build/26171443_W_1?fmt=jpg&wid=300","Elleri Rae","Womens Sandals","Nougat","$120.00","https://s7g10.scene7.com/is/image/Pangaea2Build/AW22NewArrivalsBadgeUS?fmt=jpg&wid=90&hei=90","https://www.clarksusa.com/c/Elleri-Rae/p/26171444","https://clarks.scene7.com/is/image/Pangaea2Build/26171444_W_1?fmt=jpg&wid=65","","","","","",""
"https://www.clarksusa.com/c/Yacht-Cross/p/26172153","https://clarks.scene7.com/is/image/Pangaea2Build/26172153_W_1?fmt=jpg&wid=300","Yacht Cross","Womens Sandals","Nougat","$100.00","https://s7g10.scene7.com/is/image/Pangaea2Build/AW22NewArrivalsBadgeUS?fmt=jpg&wid=90&hei=90","https://www.clarksusa.com/c/Yacht-Cross/p/26172152","https://clarks.scene7.com/is/image/Pangaea2Build/26172152_W_1?fmt=jpg&wid=65","https://www.clarksusa.com/c/Yacht-Cross/p/26172154","https://clarks.scene7.com/is/image/Pangaea2Build/26172154_W_1?fmt=jpg&wid=65","","","",""
"https://www.clarksusa.com/c/Elleri-Plum/p/26171439","https://clarks.scene7.com/is/image/Pangaea2Build/26171439_W_1?fmt=jpg&wid=300","Elleri Plum","Womens Sandals","Black Leather","$120.00","https://s7g10.scene7.com/is/image/Pangaea2Build/AW22NewArrivalsBadgeUS?fmt=jpg&wid=90&hei=90","https://www.clarksusa.com/c/Elleri-Plum/p/26171440","https://clarks.scene7.com/is/image/Pangaea2Build/26171440_W_1?fmt=jpg&wid=65","https://www.clarksusa.com/c/Elleri-Plum/p/26171441","https://clarks.scene7.com/is/image/Pangaea2Build/26171441_W_1?fmt=jpg&wid=65","https://www.clarksusa.com/c/Elleri-Plum/p/26171442","https://clarks.scene7.com/is/image/Pangaea2Build/26171442_W_1?fmt=jpg&wid=65","",""